{"cameraMode":{"drawMode":0,"name":"Shaded","section":"Shading Mode"},"sceneLighting":false,"audioPlay":false,"sceneViewState":{"m_AlwaysRefresh":false,"showFog":true,"showSkybox":false,"showFlares":true,"showImageEffects":true,"showParticleSystems":true,"showVisualEffectGraphs":true,"m_FxEnabled":true},"in2DMode":false,"pivot":{"x":0.3580628037452698,"y":0.6294858455657959,"z":0.630893349647522},"rotation":{"x":-0.01039111241698265,"y":0.9777922630310059,"z":-0.20343630015850068,"w":-0.050479330122470859},"size":1.1284983158111573,"orthographic":false}