{"cameraMode":{"drawMode":0,"name":"Shaded","section":"Shading Mode"},"sceneLighting":false,"audioPlay":false,"sceneViewState":{"m_AlwaysRefresh":false,"showFog":true,"showSkybox":false,"showFlares":true,"showImageEffects":true,"showParticleSystems":true,"showVisualEffectGraphs":true,"m_FxEnabled":true},"in2DMode":false,"pivot":{"x":0.25636351108551028,"y":1.6362593173980713,"z":-1.8207250833511353},"rotation":{"x":0.15014313161373139,"y":-0.23351940512657166,"z":0.03652322664856911,"w":0.9600063562393189},"size":0.8660259246826172,"orthographic":false}