{"cameraMode":{"drawMode":0,"name":"Shaded","section":"Shading Mode"},"sceneLighting":false,"audioPlay":false,"sceneViewState":{"m_AlwaysRefresh":false,"showFog":true,"showSkybox":false,"showFlares":true,"showImageEffects":true,"showParticleSystems":true,"showVisualEffectGraphs":true,"m_FxEnabled":true},"in2DMode":false,"pivot":{"x":-0.9158155918121338,"y":3.6867501735687258,"z":2.0438504219055177},"rotation":{"x":-0.037477996200323108,"y":-0.9626826047897339,"z":0.19081605970859528,"w":-0.18854078650474549},"size":2.3550360202789308,"orthographic":false}