{"cameraMode":{"drawMode":0,"name":"Shaded","section":"Shading Mode"},"sceneLighting":false,"audioPlay":false,"sceneViewState":{"m_AlwaysRefresh":false,"showFog":true,"showSkybox":false,"showFlares":true,"showImageEffects":true,"showParticleSystems":true,"showVisualEffectGraphs":true,"m_FxEnabled":true},"in2DMode":false,"pivot":{"x":-0.6784292459487915,"y":1.0913944244384766,"z":-2.7512428760528566},"rotation":{"x":-0.0014117882819846273,"y":-0.995937168598175,"z":-0.08960610628128052,"w":0.013935724273324013},"size":2.3550360202789308,"orthographic":false}