{"cameraMode":{"drawMode":0,"name":"Shaded","section":"Shading Mode"},"sceneLighting":false,"audioPlay":false,"sceneViewState":{"m_AlwaysRefresh":false,"showFog":true,"showSkybox":false,"showFlares":true,"showImageEffects":true,"showParticleSystems":true,"showVisualEffectGraphs":true,"m_FxEnabled":true},"in2DMode":false,"pivot":{"x":0.8051641583442688,"y":0.418201208114624,"z":0.3781193494796753},"rotation":{"x":-0.006316364277154207,"y":-0.9836775660514832,"z":0.176386296749115,"w":-0.03524783253669739},"size":0.8660255670547485,"orthographic":false}