{"cameraMode":{"drawMode":0,"name":"Shaded","section":"Shading Mode"},"sceneLighting":true,"audioPlay":false,"sceneViewState":{"m_AlwaysRefresh":false,"showFog":true,"showSkybox":true,"showFlares":true,"showImageEffects":true,"showParticleSystems":true,"showVisualEffectGraphs":true,"m_FxEnabled":true},"in2DMode":false,"pivot":{"x":-0.4672415256500244,"y":6.342206954956055,"z":-3.504319190979004},"rotation":{"x":-0.22206014394760133,"y":-0.022192370146512986,"z":0.005042109172791243,"w":-0.9747915863990784},"size":3.2851827144622804,"orthographic":false}