{"cameraMode":{"drawMode":0,"name":"Shaded","section":"Shading Mode"},"sceneLighting":false,"audioPlay":false,"sceneViewState":{"m_AlwaysRefresh":false,"showFog":true,"showSkybox":false,"showFlares":true,"showImageEffects":true,"showParticleSystems":true,"showVisualEffectGraphs":true,"m_FxEnabled":true},"in2DMode":false,"pivot":{"x":0.21776926517486573,"y":0.17160721123218537,"z":-0.13756906986236573},"rotation":{"x":0.004029571078717709,"y":-0.9940592050552368,"z":0.041205186396837237,"w":0.10118409991264343},"size":0.5264419913291931,"orthographic":false}