{"cameraMode":{"drawMode":0,"name":"Shaded","section":"Shading Mode"},"sceneLighting":false,"audioPlay":false,"sceneViewState":{"m_AlwaysRefresh":false,"showFog":true,"showSkybox":false,"showFlares":true,"showImageEffects":true,"showParticleSystems":true,"showVisualEffectGraphs":true,"m_FxEnabled":true},"in2DMode":false,"pivot":{"x":20.493982315063478,"y":0.6278656721115112,"z":2.601017475128174},"rotation":{"x":-0.015177685767412186,"y":-0.6847596168518066,"z":0.014275597408413887,"w":-0.7285310626029968},"size":12.433566093444825,"orthographic":false}