{"cameraMode":{"drawMode":0,"name":"Shaded","section":"Shading Mode"},"sceneLighting":false,"audioPlay":false,"sceneViewState":{"m_AlwaysRefresh":false,"showFog":true,"showSkybox":false,"showFlares":true,"showImageEffects":true,"showParticleSystems":true,"showVisualEffectGraphs":true,"m_FxEnabled":true},"in2DMode":false,"pivot":{"x":0.847611129283905,"y":0.6873384118080139,"z":0.06723074615001679},"rotation":{"x":-0.08215543627738953,"y":-0.7323848009109497,"z":0.08976005017757416,"w":-0.6699821949005127},"size":1.6649788618087769,"orthographic":false}