{"cameraMode":{"drawMode":0,"name":"Shaded","section":"Shading Mode"},"sceneLighting":false,"audioPlay":false,"sceneViewState":{"m_AlwaysRefresh":false,"showFog":true,"showSkybox":false,"showFlares":true,"showImageEffects":true,"showParticleSystems":true,"showVisualEffectGraphs":true,"m_FxEnabled":true},"in2DMode":false,"pivot":{"x":0.09250691533088684,"y":-0.12884975969791413,"z":0.16065824031829835},"rotation":{"x":0.027265576645731927,"y":-0.9708138108253479,"z":0.1959349811077118,"w":0.13599920272827149},"size":0.3913119435310364,"orthographic":false}